{"cameraMode":{"drawMode":0,"name":"Shaded","section":"Shading Mode"},"sceneLighting":false,"audioPlay":false,"sceneViewState":{"m_AlwaysRefresh":false,"showFog":true,"showSkybox":false,"showFlares":true,"showImageEffects":true,"showParticleSystems":true,"showVisualEffectGraphs":true,"m_FxEnabled":true},"in2DMode":false,"pivot":{"x":-0.8425503969192505,"y":0.4478808641433716,"z":1.048944354057312},"rotation":{"x":-0.060042910277843478,"y":0.9396130442619324,"z":-0.2653927803039551,"w":-0.21036112308502198},"size":1.3990917205810547,"orthographic":false}