{"cameraMode":{"drawMode":0,"name":"Shaded","section":"Shading Mode"},"sceneLighting":false,"audioPlay":false,"sceneViewState":{"m_AlwaysRefresh":false,"showFog":true,"showSkybox":false,"showFlares":true,"showImageEffects":true,"showParticleSystems":true,"showVisualEffectGraphs":true,"m_FxEnabled":true},"in2DMode":false,"pivot":{"x":-0.26006388664245608,"y":0.145485520362854,"z":0.5391757488250732},"rotation":{"x":-0.11817456781864166,"y":0.8821992874145508,"z":-0.34189480543136599,"w":-0.3033663332462311},"size":1.4947376251220704,"orthographic":false}