{"cameraMode":{"drawMode":0,"name":"Shaded","section":"Shading Mode"},"sceneLighting":false,"audioPlay":false,"sceneViewState":{"m_AlwaysRefresh":false,"showFog":true,"showSkybox":false,"showFlares":true,"showImageEffects":true,"showParticleSystems":true,"showVisualEffectGraphs":true,"m_FxEnabled":true},"in2DMode":false,"pivot":{"x":-0.20887424051761628,"y":0.7070274949073792,"z":0.30551761388778689},"rotation":{"x":-0.025797322392463685,"y":-0.9612235426902771,"z":0.24997290968894959,"w":-0.11912000179290772},"size":1.303521752357483,"orthographic":false}